Name,Country or Area,URL
Linkedin Jobs,World,https://www.linkedin.com/jobs/
Who is Hiring?,World,https://whoishiring.io/
The Product Crew,Paris,https://www.theproductcrew.io/
whoishiring.me,US-centric,https://whoishiring.me/
Stackoverflow Jobs,World,https://stackoverflow.com/jobs?c=usd&ms=Student&mxs=Junior
We Work Remotely,World,https://weworkremotely.com/
Remotive,World,https://remotive.io/remote-jobs
Remote OK,World, https://remoteok.io/
Working Nomads,World,https://www.workingnomads.co/jobs
Nodesk,World,https://nodesk.co/remote-jobs/
Remoters,World,https://remoters.net/jobs/software-development/
Apprenticeships.me,US / London,https://apprenticeships.me/
Welcome to the jungle,France,https://www.welcometothejungle.co/
Hired,World,https://hired.com/
Talent.io,Europe,https://www.talent.io/
Landing.jobs,Europe,https://landing.jobs/
Je cherche un dev,France,https://jechercheundev.fr/
Jobteaser,Europe,https://www.jobteaser.com/fr
Ignition Program ,France,https://ignition-program.com/
My job Glasses,France,https://www.myjobglasses.com/
Leboncoin Emploi Cadres / Kudoz,France,https://emploicadres.leboncoin.fr/
Remixjobs,France,https://remixjobs.com/
Startup Jobs,World,https://startup.jobs/
ChinAccelerator,China,https://chinaccelerator.com/jobs/
Zhipin,China,https://www.zhipin.com/
Lagou,China,https://www.lagou.com/
SmartShanghai,China,http://www.smartshanghai.com/jobs/it-and-web/
JobsinShanghai,China,http://www.jobsinshanghai.com/search?q=front+end
4A Agency jobs, China, https://mp.weixin.qq.com/s/wmCfalAb_Elq5gt9TBjhQA
TalentFishers,Asia,http://www.talent-fishers.com/jobs/
Expresso Jobs,Québec,https://www.espresso-jobs.com
Webjobs,Québec,https://webjobs.quebec/
Betakit,Canada,https://betakit.com/jobs/
Isarta,Québec,https://emplois.isarta.com/jobs/web.shtml
Grenier,Québec,http://www.grenier.qc.ca/emplois
Betakit,Canada,http://jobs.betakit.com/
Montreal Startup Jobs, Montreal,https://www.facebook.com/groups/montreal.startups.jobs/?fref=ts
Montréal Front End Devs, Montreal, https://www.facebook.com/groups/578714695476426/
Jobbio,World, https://jobbio.com/
Angellist,World,https://angel.co/jobs
BluDigital,London,http://www.blu-digital.co.uk/jobs/web-development-jobs/
WebDeveloperJobs,World,https://www.webdeveloperjobs.co.uk/
Technojobs,UK-wide,https://www.technojobs.co.uk/developer-jobs
Glassdoor,World, http://glassdoor.com/
Berlin Startup Jobs, Germany, http://berlinstartupjobs.com/
Railsjobs.de, Germany, https://railsjobs.de/rubyonrails
Gruenderszene Jobs, Germany, https://www.gruenderszene.de/jobboerse/
LaCantine Nantes,France,https://www.lacantine.co/jobboard
Seek, Australia,https://www.seek.com.au/
Jobseeker, Australia, https://www.jobseeker.org.au/
CareerOne, Australia, https://www.careerone.com.au/
Alljobs, Australia, http://www.alljobs.com.au/
Programathor,Brazil,https://programathor.com.br/
Geek Hunter,Brazil,https://www.geekhunter.com.br/
Cubo Jobs,Sao Paulo,https://cubo.network/jobs
Revelo,Brazil,https://jobs.revelo.com.br/
Vulpi,Brazil,http://vulpi.com.br
99 Hunters,Brazil,https://www.99hunters.com
Ruby Jobs Brazil,Brazil,http://rubyjobsbrazil.com.br/jobs
Ruby Jobs,World,http://www.rubyjobs.co/jobs
Google Empregos,Brazil,https://www.google.com.br/search?q=ruby+on+rails&ibp=htl;jobs#fpstate=tldetail&htidocid=ZJ5jJVJSuPKlydOyAAAAAA%3D%3D&htivrt=jobs
Michael Page,World,https://www.michaelpage.com.br/
Hays,World,http://www.hays.com.br/
Page Personnel,World,https://www.pagepersonnel.com
Robert Half,World,https://www.roberthalf.com
Venture Loop,World,https://www.ventureloop.com/
Angel List,World,https://angel.co/
Indeed,World,https://www.indeed.com/
Startup only,World,https://startuponly.com/homepage
Secret Tel-Aviv Jobs,Israel,https://jobs.secrettelaviv.com/list/category/programmer/
Drushim(Hebrew),Israel,https://www.drushim.co.il
Ethosia(Hebrew),Israel,https://www.ethosia.co.il/job-categories?gclid=Cj0KCQjwjbveBRDVARIsAKxH7vnl32wQq2YqIR7Ve5rtrxfKT8NocMBvIdRpbuaV3eOp0q5wZLgFH3QaAm6SEALw_wcB
StartupJobs,Israel,https://startupjobs.co.il/search?query=Ruby%20on%20Rails
JobMaster(Hebrew),Israel,https://www.jobmaster.co.il/
BairesDev,Buenos Aires,https://go.bairesdev.com/ruby-developers/
